Name, URL, Rating, Sold, MinPrice, MaxPrice;
UWIGS 613 Blonde Lace Front Wig Human Hair 30 inch Body Wave Lace Front Wig Transparent Lace Frontal Wigs For Black Women Remy,//aliexpress.ru/item/4000804721321.html?gps-id=5547572&scm=1007.19201.130907.0&scm_id=1007.19201.130907.0&scm-url=1007.19201.130907.0&pvid=ee37ca60-56c0-46fe-9625-cbf1e8f7e287,1136,US $53.79,US $266.50;
Lace Front Human Hair Wigs Short Straight 28 30 40 inch Brazilian Natural Color Frontal Wig Pre Plucked Cheap For Black Women,//aliexpress.ru/item/32884617228.html?gps-id=5547572&scm=1007.19201.130907.0&scm_id=1007.19201.130907.0&scm-url=1007.19201.130907.0&pvid=ee37ca60-56c0-46fe-9625-cbf1e8f7e287,2713,US $53.06,US $540.68;
YANHUI Princess Ruby Gemstone Rings for Women 925 Sterling Silver Wedding Engagement Jewelry Charming Rose Gold Color Ring R254,//aliexpress.ru/item/1005001350578553.html?gps-id=5547572&scm=1007.19201.130907.0&scm_id=1007.19201.130907.0&scm-url=1007.19201.130907.0&pvid=ee37ca60-56c0-46fe-9625-cbf1e8f7e287,143,US $2.99,US $2.99;
watch men luxury mechanical automatic chronograph Square Large Dial Watch Hollow Waterproof 2020 New mens fashion watches swiss,//aliexpress.ru/item/4001360387483.html?gps-id=5547572&scm=1007.19201.130907.0&scm_id=1007.19201.130907.0&scm-url=1007.19201.130907.0&pvid=ee37ca60-56c0-46fe-9625-cbf1e8f7e287,1825,US $40.32,US $40.32;
BEAUDIVA Lace Human Hair Wigs Prepluck 13*4 Straight Human Hair Wigs With Baby Hair Bleach Knots 4x4 Closure Wig,//aliexpress.ru/item/32948473973.html?gps-id=5547572&scm=1007.19201.130907.0&scm_id=1007.19201.130907.0&scm-url=1007.19201.130907.0&pvid=ee37ca60-56c0-46fe-9625-cbf1e8f7e287,1347,US $41.76,US $297.12;
LIGE Watch For Men Top Brand Luxury Waterproof 24 Hour Date Quartz Clock Brown Leather Sports WristWatch Relogio Masculino 2021,//aliexpress.ru/item/32999073045.html?gps-id=5547572&scm=1007.19201.130907.0&scm_id=1007.19201.130907.0&scm-url=1007.19201.130907.0&pvid=ee37ca60-56c0-46fe-9625-cbf1e8f7e287,1521,US $13.59,US $15.19;
YANHUI Silver 925 Jewelry Earrings Sapphire Siver Korean Ear Jewelry White/Blue/Pink Color Party Dating Gift Earrings Wholesale,//aliexpress.ru/item/4000808346617.html?gps-id=5547572&scm=1007.19201.130907.0&scm_id=1007.19201.130907.0&scm-url=1007.19201.130907.0&pvid=ee37ca60-56c0-46fe-9625-cbf1e8f7e287,611,US $2.99,US $2.99;
Classic 1 Carat Zirconia Diamond Wedding Engagement Rings for Men S925 Sterling Silver Jewelry Brand Men Ring With Certificate,//aliexpress.ru/item/4000752120754.html?gps-id=5547572&scm=1007.19201.130907.0&scm_id=1007.19201.130907.0&scm-url=1007.19201.130907.0&pvid=ee37ca60-56c0-46fe-9625-cbf1e8f7e287,739,US $3.49,US $3.49;
YANHUI Silver 925 Earrings Round Small Drop Earrings For Women Cubic Zircon Stone Earrings Wedding Brides Fashion Jewelry E243,//aliexpress.ru/item/4001007567356.html?gps-id=5547572&scm=1007.19201.130907.0&scm_id=1007.19201.130907.0&scm-url=1007.19201.130907.0&pvid=ee37ca60-56c0-46fe-9625-cbf1e8f7e287,164,US $3.49,US $3.49;
2020 WWOOR Diamond Watches Mens Top Brand Luxury Gold Black Date Quartz Watch For Men Fashion Dress Wrist Watches relojes hombre,//aliexpress.ru/item/4000823834923.html?gps-id=5547572&scm=1007.19201.130907.0&scm_id=1007.19201.130907.0&scm-url=1007.19201.130907.0&pvid=ee37ca60-56c0-46fe-9625-cbf1e8f7e287,1091,US $12.79,US $13.59;
High frequency Massage gun muscle relax body relaxation Electric massager with portable bag for fitness Phoenix A2,//aliexpress.ru/item/4000082317523.html?gps-id=5547572&scm=1007.19201.130907.0&scm_id=1007.19201.130907.0&scm-url=1007.19201.130907.0&pvid=ee37ca60-56c0-46fe-9625-cbf1e8f7e287,28590,US $46.73,US $54.14;
OUPINKE Luxury Automatic Watch Men Sapphire Glass Mechanical Wristwatch Tungsten Steel 50m Waterproof Business Sport Men Watches,//aliexpress.ru/item/1005001759458257.html?gps-id=5547572&scm=1007.19201.130907.0&scm_id=1007.19201.130907.0&scm-url=1007.19201.130907.0&pvid=ee37ca60-56c0-46fe-9625-cbf1e8f7e287,51,US $190.40,US $190.40;
Ishow Transparent Body Wave Lace Front Wig Pre Plucked Human Hair Wigs 28 30inch Long Wig 13x4 Lace Frontal Wig 5x5 Closure Wig,//aliexpress.ru/item/33012077466.html?gps-id=5547572&scm=1007.19201.130907.0&scm_id=1007.19201.130907.0&scm-url=1007.19201.130907.0&pvid=320fe818-00bd-4808-8182-3c423e1fb5ea,1044,US $51.52,US $275.19;
Have Certificate Solitaire Male Ring 925 Sterling Silver 1.0ct Lab Diamond Engagement Jewelry Wedding Rings for Men Finger Ring,//aliexpress.ru/item/4000773564682.html?gps-id=5547572&scm=1007.19201.130907.0&scm_id=1007.19201.130907.0&scm-url=1007.19201.130907.0&pvid=320fe818-00bd-4808-8182-3c423e1fb5ea,77,US $6.99,US $6.99;
MEGIR 2020 Blue Sport Watches for Men Top Brand Luxury Chronograph Man Watch Military Quartz Clocks Luminous Relogio Masculino,//aliexpress.ru/item/4000990040016.html?gps-id=5547572&scm=1007.19201.130907.0&scm_id=1007.19201.130907.0&scm-url=1007.19201.130907.0&pvid=320fe818-00bd-4808-8182-3c423e1fb5ea,1090,US $19.99,US $19.99;
DAIMI Faceted water drop garnet earrings gemstones female genuine 14K gold gild red gemstone ear line customization,//aliexpress.ru/item/4001024549345.html?gps-id=5547572&scm=1007.19201.130907.0&scm_id=1007.19201.130907.0&scm-url=1007.19201.130907.0&pvid=320fe818-00bd-4808-8182-3c423e1fb5ea,186,US $11.92,US $11.92;
DAIMI 14K Gold Injection Amethyst Long Earrings For Girlfriend Gift,//aliexpress.ru/item/4001147349493.html?gps-id=5547572&scm=1007.19201.130907.0&scm_id=1007.19201.130907.0&scm-url=1007.19201.130907.0&pvid=320fe818-00bd-4808-8182-3c423e1fb5ea,39,US $10.40,US $10.40;
AILANG Original design watch men's double flywheel automatic mechanical watch fashion casual business men's clock Original,//aliexpress.ru/item/33005904049.html?gps-id=5547572&scm=1007.19201.130907.0&scm_id=1007.19201.130907.0&scm-url=1007.19201.130907.0&pvid=320fe818-00bd-4808-8182-3c423e1fb5ea,852,US $51.75,US $51.75;
OLEVS Men Mechanical Watch Top Brand Luxury Automatic Watch Sport Stainless Steel Waterproof Watch Men relogio masculino 6530,//aliexpress.ru/item/4001181411436.html?gps-id=5547572&scm=1007.19201.130907.0&scm_id=1007.19201.130907.0&scm-url=1007.19201.130907.0&pvid=320fe818-00bd-4808-8182-3c423e1fb5ea,837,US $50.29,US $50.29;
LIGE Smart Watch Women Sports Smart Bracelet IP67 Waterproof Watch Pedometer Heart Rate Monitor LED color screen for Android ios,//aliexpress.ru/item/4000579125556.html?gps-id=5547572&scm=1007.19201.130907.0&scm_id=1007.19201.130907.0&scm-url=1007.19201.130907.0&pvid=320fe818-00bd-4808-8182-3c423e1fb5ea,2154,US $17.09,US $18.89;
LIGE 2020 New Smart Watch Women Physiological Heart Rate Blood Pressure Monitoring For Android IOS Waterproof Ladies Smartwatch,//aliexpress.ru/item/1005001692538644.html?gps-id=5547572&scm=1007.19201.130907.0&scm_id=1007.19201.130907.0&scm-url=1007.19201.130907.0&pvid=320fe818-00bd-4808-8182-3c423e1fb5ea,1032,US $34.19,US $35.99;
ONEMIX Men Hiking Shoes High Top Waterproof Leather Lightweight Outdoor Climbing Fishing Trekking Shoes Military Tactical Boots,//aliexpress.ru/item/1005001273981809.html?gps-id=5547572&scm=1007.19201.130907.0&scm_id=1007.19201.130907.0&scm-url=1007.19201.130907.0&pvid=320fe818-00bd-4808-8182-3c423e1fb5ea,58,US $39.00,US $39.00;
2021 New Arrival Moderno Watches Mens Sport Reloj Hombre Casual Relogio Masculino Para Military Army Leather Wrist Watch For Men,//aliexpress.ru/item/1005001872059143.html?gps-id=5547572&scm=1007.19201.130907.0&scm_id=1007.19201.130907.0&scm-url=1007.19201.130907.0&pvid=320fe818-00bd-4808-8182-3c423e1fb5ea,3023,US $11.06,US $13.86;
Wholesale Eyelashes mink 25mm False Eyelashes 10/20/30/50//100 Pairs 3D Mink Lashes Bulk Extension Vendor Makeup Mink Eyelashes,//aliexpress.ru/item/4001237499542.html?gps-id=5547572&scm=1007.19201.130907.0&scm_id=1007.19201.130907.0&scm-url=1007.19201.130907.0&pvid=320fe818-00bd-4808-8182-3c423e1fb5ea,728,US $19.93,US $162.93;
LIGE 2021 New Smart Watch Men Full Touch Screen Sports Fitness Watch IP68 Waterproof Bluetooth For Android ios smartwatch Mens,//aliexpress.ru/item/1005002039035514.html?gps-id=5547572&scm=1007.19201.130907.0&scm_id=1007.19201.130907.0&scm-url=1007.19201.130907.0&pvid=c6a7039c-851f-411b-b4bb-aa661b025853,286,US $34.19,US $35.99;
OUPINKE Men Mechanical Watch Luxury Automatic Watch Leather Sapphire Waterproof Sports Moon Phase Wristwatch Montre homme,//aliexpress.ru/item/1005002034414903.html?gps-id=5547572&scm=1007.19201.130907.0&scm_id=1007.19201.130907.0&scm-url=1007.19201.130907.0&pvid=c6a7039c-851f-411b-b4bb-aa661b025853,132,US $151.20,US $151.20;
JSDUN Men Mechanical Watch Top Brand Luxury Automatic Watch Leather Waterproof Sports Moon Phase Wristwatch relogio masculino,//aliexpress.ru/item/1005001689867019.html?gps-id=5547572&scm=1007.19201.130907.0&scm_id=1007.19201.130907.0&scm-url=1007.19201.130907.0&pvid=c6a7039c-851f-411b-b4bb-aa661b025853,508,US $58.88,US $58.88;
Shengke Women's Watches Fashion Leather Wrist Watch Vintage Ladies Watch Irregular Clock Mujer Bayan Kol Saati Montre Feminino,//aliexpress.ru/item/32958119407.html?gps-id=5547572&scm=1007.19201.130907.0&scm_id=1007.19201.130907.0&scm-url=1007.19201.130907.0&pvid=c6a7039c-851f-411b-b4bb-aa661b025853,926,US $10.49,US $11.77;
Sinobi Hot Women Watch Creative Wristwatch Lady Clock Rotate Yellow Leather Band Wristwatches Clock Montres Femme Reloj Mujer,//aliexpress.ru/item/32945248040.html?gps-id=5547572&scm=1007.19201.130907.0&scm_id=1007.19201.130907.0&scm-url=1007.19201.130907.0&pvid=c6a7039c-851f-411b-b4bb-aa661b025853,664,US $10.49,US $11.19;
AmazeFan 4 in 1 EMS photon beauty instrument female facial care eye care tool beauty machine skin care instrument beauty instrum,//aliexpress.ru/item/1005001388023793.html?gps-id=5547572&scm=1007.19201.130907.0&scm_id=1007.19201.130907.0&scm-url=1007.19201.130907.0&pvid=c6a7039c-851f-411b-b4bb-aa661b025853,114,US $13.86,US $13.86;
MIUI 3.8L Smart Air Fryer Oven Electric Deep Fryer without Oil Home Toaster Rotisserie Dehydrator LED Touch French Fries Machine,//aliexpress.ru/item/1005001401827123.html?gps-id=5547572&scm=1007.19201.130907.0&scm_id=1007.19201.130907.0&scm-url=1007.19201.130907.0&pvid=c6a7039c-851f-411b-b4bb-aa661b025853,167,US $1,399.86,US $1,399.86;
YANHUI 925 Silver Women's Fashion New Jewelry High Quality Crystal Zircon Round Retro Simple Pendant Necklace Long 40/45/50CM,//aliexpress.ru/item/1005001854618333.html?gps-id=5547572&scm=1007.19201.130907.0&scm_id=1007.19201.130907.0&scm-url=1007.19201.130907.0&pvid=c6a7039c-851f-411b-b4bb-aa661b025853,143,US $3.49,US $3.49;
MIUI 3.8L Electric Air Fryer Oil-Free 360° Baking Technology Home Deep fryer Oven French Fries Toaster LED Touch Screen,//aliexpress.ru/item/1005001608427114.html?gps-id=5547572&scm=1007.19201.130907.0&scm_id=1007.19201.130907.0&scm-url=1007.19201.130907.0&pvid=c6a7039c-851f-411b-b4bb-aa661b025853,176,US $1,399.86,US $1,399.86;
Hembeer P8 1.4 inch Smart Watch Men Full Touch Fitness Tracker Blood Pressure Smart Clock Women GTS Smartwatch for Xiaomi iphone,//aliexpress.ru/item/4000734657474.html?gps-id=5547572&scm=1007.19201.130907.0&scm_id=1007.19201.130907.0&scm-url=1007.19201.130907.0&pvid=c6a7039c-851f-411b-b4bb-aa661b025853,1021,US $17.99,US $24.74;
Pet Carrier for Dogs Dog Carrier Adjustable Backpack Outdoor Travel Pet Products Shoulder Pad Bags for Small Dog Cat Supplies,//aliexpress.ru/item/32911005128.html?gps-id=5547572&scm=1007.19201.130907.0&scm_id=1007.19201.130907.0&scm-url=1007.19201.130907.0&pvid=c6a7039c-851f-411b-b4bb-aa661b025853,348,US $9.63,US $11.85;
Vnox Basic Punk Stainless Steel Necklace for Men Women Curb Cuban Link Chain Chokers Vintage Black Gold Tone Solid Metal,//aliexpress.ru/item/4000203480306.html?gps-id=5547572&scm=1007.19201.130907.0&scm_id=1007.19201.130907.0&scm-url=1007.19201.130907.0&pvid=c6a7039c-851f-411b-b4bb-aa661b025853,32250,US $0.01,US $1.49;
MIUI 2L Mini Smart Air Fryer with LED-Touch 360° Baking Technology Electric Multipurpose Deep Fryer Oil-Free French Fries,//aliexpress.ru/item/1005001401839617.html?gps-id=5547572&scm=1007.19201.130907.0&scm_id=1007.19201.130907.0&scm-url=1007.19201.130907.0&pvid=64c18a84-1fe2-4ff4-9e41-6c802e1d9a7f,203,US $1,499.85,US $1,499.85;
WWOOR 2020 Fashion Mens Watches Top Brand Luxury Gold Full Steel Quartz Watch Men Waterproof Sport Chronograph Relogio Masculino,//aliexpress.ru/item/1005001327099619.html?gps-id=5547572&scm=1007.19201.130907.0&scm_id=1007.19201.130907.0&scm-url=1007.19201.130907.0&pvid=64c18a84-1fe2-4ff4-9e41-6c802e1d9a7f,693,US $15.99,US $19.19;
2021 New Arrival  One Piece Bathing Suit Women Swimsuit Hollow Out Swimwear Summer Beachwear,//aliexpress.ru/item/1005002059727864.html?gps-id=5547572&scm=1007.19201.130907.0&scm_id=1007.19201.130907.0&scm-url=1007.19201.130907.0&pvid=64c18a84-1fe2-4ff4-9e41-6c802e1d9a7f,396,US $7.09,US $8.84;
IMAGIC Highlighter Powder Glitter Palette Face Blusher Rouge shadow Contour Face Concealer Smooth  Continuous makeup waterproof,//aliexpress.ru/item/1005002010713857.html?gps-id=5547572&scm=1007.19201.130907.0&scm_id=1007.19201.130907.0&scm-url=1007.19201.130907.0&pvid=64c18a84-1fe2-4ff4-9e41-6c802e1d9a7f,96,US $9.63,US $9.63;
NIBOSI Men Watch Chronograph Sport Mens Watches Top Brand Luxury Waterproof Full Steel Quartz Gold Clock Men Relogio Masculino,//aliexpress.ru/item/4000890695506.html?gps-id=5547572&scm=1007.19201.130907.0&scm_id=1007.19201.130907.0&scm-url=1007.19201.130907.0&pvid=64c18a84-1fe2-4ff4-9e41-6c802e1d9a7f,94,US $19.19,US $19.19;
PHOMAX  PJN101 Household portable LED Display With 1 Slot Battery Charger For AA/AAA NiCd NiMh Rechargeable Batteries Charger,//aliexpress.ru/item/4000010450009.html?gps-id=5547572&scm=1007.19201.130907.0&scm_id=1007.19201.130907.0&scm-url=1007.19201.130907.0&pvid=64c18a84-1fe2-4ff4-9e41-6c802e1d9a7f,711,US $0.01,US $0.01;
Kuznetsov's Acupressure Yoga Mat Lotus Spike Cushion Applicator Back Pain Relief Needle Pad Eco Pranamat Pillow Set Gift Bag,//aliexpress.ru/item/1005001836979699.html?gps-id=5547572&scm=1007.19201.130907.0&scm_id=1007.19201.130907.0&scm-url=1007.19201.130907.0&pvid=64c18a84-1fe2-4ff4-9e41-6c802e1d9a7f,143,US $14.31,US $14.31;
LIGE 2020 New Steel Band Digital Watch Men Sport Watches Electronic LED Male Wrist Watch For Men Clock Waterproof Bluetooth Hour,//aliexpress.ru/item/1005001432431660.html?gps-id=5547572&scm=1007.19201.130907.0&scm_id=1007.19201.130907.0&scm-url=1007.19201.130907.0&pvid=64c18a84-1fe2-4ff4-9e41-6c802e1d9a7f,1852,US $31.44,US $33.99;
KONKA Facial steamer Large-capacity water tank 100ml Gentle and Deap cleaning face steamer Electric spa face steamer Whitening,//aliexpress.ru/item/4000695592180.html?gps-id=5547572&scm=1007.19201.130907.0&scm_id=1007.19201.130907.0&scm-url=1007.19201.130907.0&pvid=64c18a84-1fe2-4ff4-9e41-6c802e1d9a7f,4589,US $18.19,US $26.59;
LIGE New Bluetooth Call Men Smart Watch Women Full Touch Fitness Tracker Blood Pressure Smart Women Smartwatch For Xiaomi Huawei,//aliexpress.ru/item/1005001762442739.html?gps-id=5547572&scm=1007.19201.130907.0&scm_id=1007.19201.130907.0&scm-url=1007.19201.130907.0&pvid=64c18a84-1fe2-4ff4-9e41-6c802e1d9a7f,685,US $18.69,US $21.24;
[NYMPH] Pearl Jewelry Natural Fresh Water Pearl Jewelry Set Wedding White Pearl Necklace Bracelet Fine Jewelry For Women[XL001],//aliexpress.ru/item/1709629900.html?gps-id=5547572&scm=1007.19201.130907.0&scm_id=1007.19201.130907.0&scm-url=1007.19201.130907.0&pvid=64c18a84-1fe2-4ff4-9e41-6c802e1d9a7f,37,US $11.89,US $16.99;
EANOP HUD Mirror 04 Car Head up Display OBD2 Windshield Speed Projector Security Alarm Water temperature Overspeed RPM Voltage,//aliexpress.ru/item/32924785551.html?gps-id=5547572&scm=1007.19201.130907.0&scm_id=1007.19201.130907.0&scm-url=1007.19201.130907.0&pvid=64c18a84-1fe2-4ff4-9e41-6c802e1d9a7f,1464,US $28.31,US $28.31;
LIGE 2020 New Smart Watch Men Full Touch Screen Sport Fitness Watch IP68 Waterproof Bluetooth For Android ios smartwatch Men+box,//aliexpress.ru/item/1005001469639336.html?gps-id=5547572&scm=1007.19201.130907.0&scm_id=1007.19201.130907.0&scm-url=1007.19201.130907.0&pvid=5a9c1815-1aff-4076-a7d3-fe13506b625b,856,US $29.69,US $29.69;
LIGE New Women Smart Watch Woman Fashion Watch Heart Rate Sleep Monitoring For Android IOS IP67 Waterproof Ladies Smartwatch+Box,//aliexpress.ru/item/1005001408364966.html?gps-id=5547572&scm=1007.19201.130907.0&scm_id=1007.19201.130907.0&scm-url=1007.19201.130907.0&pvid=5a9c1815-1aff-4076-a7d3-fe13506b625b,929,US $26.09,US $27.89;
FINETOO V Waist Cotton Panties Women M-4XL Underpants Female Underwear Sexy Low-Rise Girl Briefs Comfort Panties Ladies Lingerie,//aliexpress.ru/item/4001256055038.html?gps-id=5547572&scm=1007.19201.130907.0&scm_id=1007.19201.130907.0&scm-url=1007.19201.130907.0&pvid=5a9c1815-1aff-4076-a7d3-fe13506b625b,6384,US $3.79,US $4.36;
2PCS/Set Seamless Women's Thong Sexy Bikini Underwear G-string Letter Lingerie Femme Low-Rise Panties Ice Silk Women Underpants,//aliexpress.ru/item/1005001953433308.html?gps-id=5547572&scm=1007.19201.130907.0&scm_id=1007.19201.130907.0&scm-url=1007.19201.130907.0&pvid=5a9c1815-1aff-4076-a7d3-fe13506b625b,807,US $3.59,US $4.22;
4Cr13 Chef Knife 7 inch Chinese Kitchen Knives Meat Fish Vege Slicer Knife Super Sharp Rosewood Cleaver With knife Sharpener,//aliexpress.ru/item/1005001448394511.html?gps-id=5547572&scm=1007.19201.130907.0&scm_id=1007.19201.130907.0&scm-url=1007.19201.130907.0&pvid=5a9c1815-1aff-4076-a7d3-fe13506b625b,66,US $7.10,US $14.39;
Zhoutu Planetary Mixer, Stainless Steel Mixer with bowl, Electric Food Mixer , kitchen appliances dough food processor machine,//aliexpress.ru/item/4001289310147.html?gps-id=5547572&scm=1007.19201.130907.0&scm_id=1007.19201.130907.0&scm-url=1007.19201.130907.0&pvid=5a9c1815-1aff-4076-a7d3-fe13506b625b,232,US $193.58,US $193.58;
YI Home 1080p Camera  AI+ Smart Human detection Night vision Activity alerts for home pets baby nanny monitor Cloud and Micro SD,//aliexpress.ru/item/4001201202997.html?gps-id=5547572&scm=1007.19201.130907.0&scm_id=1007.19201.130907.0&scm-url=1007.19201.130907.0&pvid=5a9c1815-1aff-4076-a7d3-fe13506b625b,824,US $18.00,US $31.50;
BraveWay LED H4 16000LM Car LED H1 H7 H11 Moto Bulb 12V Auto H4 LED Motorcycle HeadLight H7 HB3 HB4 9005 9006 H8 H11 H3 Fog Lamp,//aliexpress.ru/item/4000068842115.html?gps-id=5547572&scm=1007.19201.130907.0&scm_id=1007.19201.130907.0&scm-url=1007.19201.130907.0&pvid=5a9c1815-1aff-4076-a7d3-fe13506b625b,376,US $15.65,US $29.95;
Undrilled Yoni Egg Rose Quartz Kegel Jade Eggs Tightening Vagina Women Pelvic Muscle Exercise Tool Crystal Yoni Massage Ball,//aliexpress.ru/item/1005001928573720.html?gps-id=5547572&scm=1007.19201.130907.0&scm_id=1007.19201.130907.0&scm-url=1007.19201.130907.0&pvid=5a9c1815-1aff-4076-a7d3-fe13506b625b,20,US $4.70,US $12.56;
PZOZ Usb Cable For iphone cable 11 12 pro max Xs Xr X SE 8 7 6 plus 6s 5s ipad air mini 4 fast charging cable For iphone charger,//aliexpress.ru/item/32632635156.html?gps-id=5547572&scm=1007.19201.130907.0&scm_id=1007.19201.130907.0&scm-url=1007.19201.130907.0&pvid=5a9c1815-1aff-4076-a7d3-fe13506b625b,86542,US $0.01,US $1.53;
Black/white Wide Brim Simple Church Derby Top Hat Panama Solid Felt Fedoras Hat for Men Women artificial wool Blend Jazz Cap,//aliexpress.ru/item/4001082637705.html?gps-id=5547572&scm=1007.19201.130907.0&scm_id=1007.19201.130907.0&scm-url=1007.19201.130907.0&pvid=5a9c1815-1aff-4076-a7d3-fe13506b625b,3450,US $8.87,US $10.13;
TWOTWINSTYLE White Side Split Knitted Women's Sweater Square Collar Long Sleeve Sweaters Female Autumn Fashion New Clothes 2020,//aliexpress.ru/item/4000456721243.html?gps-id=5547572&scm=1007.19201.130907.0&scm_id=1007.19201.130907.0&scm-url=1007.19201.130907.0&pvid=5a9c1815-1aff-4076-a7d3-fe13506b625b,1623,US $19.44,US $19.44;
LIGE 2021 Luxury Brand Mens Smart Watch Steel Band Fitness Watch Heart Rate Blood Pressure Activity Tracker Smart Watch For Men,//aliexpress.ru/item/1005001798791670.html?gps-id=5547572&scm=1007.19201.130907.0&scm_id=1007.19201.130907.0&scm-url=1007.19201.130907.0&pvid=abc68119-280a-4a1f-b422-8e89b87bd938,455,US $29.69,US $35.99;
2021 New Full Touch Screen Smart Watch Women Heart Rate Waterproof Sports Multifunctional Smartwatch Woman For IOS Xiaomi Huawei,//aliexpress.ru/item/1005002089351133.html?gps-id=5547572&scm=1007.19201.130907.0&scm_id=1007.19201.130907.0&scm-url=1007.19201.130907.0&pvid=abc68119-280a-4a1f-b422-8e89b87bd938,8,US $34.19,US $35.99;
Modern Minimalist Wall Lamps Living Room Bedroom Bedside 16W AC96V-260V LED Sconce black white Lamp Aisle Lighting decoration,//aliexpress.ru/item/32864351215.html?gps-id=5547572&scm=1007.19201.130907.0&scm_id=1007.19201.130907.0&scm-url=1007.19201.130907.0&pvid=abc68119-280a-4a1f-b422-8e89b87bd938,2570,US $15.35,US $21.67;
KINGSEVEN Men Vintage Aluminum Polarized Sunglasses Classic Brand Sun glasses Coating Lens Driving Eyewear For Men/Women,//aliexpress.ru/item/32793775351.html?gps-id=5547572&scm=1007.19201.130907.0&scm_id=1007.19201.130907.0&scm-url=1007.19201.130907.0&pvid=abc68119-280a-4a1f-b422-8e89b87bd938,10442,US $9.38,US $9.38;
Kingston DataTraveler USB Flash Drives 64GB 128GB Pen Drive 8GB USB 3.0 high speed PenDrives 32GB  Mini Personality USB Stick,//aliexpress.ru/item/32802618743.html?gps-id=5547572&scm=1007.19201.130907.0&scm_id=1007.19201.130907.0&scm-url=1007.19201.130907.0&pvid=abc68119-280a-4a1f-b422-8e89b87bd938,426,US $6.37,US $50.47;
KINGSEVEN Aluminum Men's Sunglasses Polarized Lens Brand Design Temples Sun glasses Coating Mirror Glasses Oculos de sol 7719,//aliexpress.ru/item/4000036855312.html?gps-id=5547572&scm=1007.19201.130907.0&scm_id=1007.19201.130907.0&scm-url=1007.19201.130907.0&pvid=abc68119-280a-4a1f-b422-8e89b87bd938,3342,US $9.36,US $9.36;
Tuya Smart Life WiFi Curtain Switch Module for Roller Shutter Blind Motor Smart Home Google Home Amazon Alexa Voice Control V2,//aliexpress.ru/item/4000424450915.html?gps-id=5547572&scm=1007.19201.130907.0&scm_id=1007.19201.130907.0&scm-url=1007.19201.130907.0&pvid=abc68119-280a-4a1f-b422-8e89b87bd938,4882,US $12.53,US $54.19;
Unice hair 100% Human Hair Headband Wig Water Wave Top Quality Human Hair Wigs for Women No Glue & No Sew In 8-28inch,//aliexpress.ru/item/1005001775747190.html?gps-id=5547572&scm=1007.19201.130907.0&scm_id=1007.19201.130907.0&scm-url=1007.19201.130907.0&pvid=abc68119-280a-4a1f-b422-8e89b87bd938,31,US $53.18,US $190.67;
YI Home Camera 3 1080P HD AI Based Smart Home Camera Security Wireless IP Cam Night Vision Office EU Version Android YI Cloud,//aliexpress.ru/item/4000238273242.html?gps-id=5547572&scm=1007.19201.130907.0&scm_id=1007.19201.130907.0&scm-url=1007.19201.130907.0&pvid=abc68119-280a-4a1f-b422-8e89b87bd938,2730,US $18.40,US $43.70;
5 pcs set Grit Diamond Knife Sharpener Household Kitchen Knife Sharpening System diamond sharpening stone kitchen stone bar,//aliexpress.ru/item/4001347196756.html?gps-id=5547572&scm=1007.19201.130907.0&scm_id=1007.19201.130907.0&scm-url=1007.19201.130907.0&pvid=abc68119-280a-4a1f-b422-8e89b87bd938,121,US $11.04,US $11.04;
For iPad Pencil Stylus Pen for Apple Pencil 1 2 Touch Pen for Tablet IOS Android Stylus Pen for iPad Xiaomi Huawei Pencil Phone,//aliexpress.ru/item/4000001752707.html?gps-id=5547572&scm=1007.19201.130907.0&scm_id=1007.19201.130907.0&scm-url=1007.19201.130907.0&pvid=abc68119-280a-4a1f-b422-8e89b87bd938,12381,US $13.06,US $18.56;
17KM Vintage Multi-layer Coin Chain Choker Necklace For Women Gold Silver Color Fashion Portrait Chunky Chain Necklaces Jewelry,//aliexpress.ru/item/1005001521490435.html?gps-id=5547572&scm=1007.19201.130907.0&scm_id=1007.19201.130907.0&scm-url=1007.19201.130907.0&pvid=abc68119-280a-4a1f-b422-8e89b87bd938,47894,US $0.01,US $0.01;
2021 New Trend Intelligent Aviation Photochromic Sunglasses Polarized Men Day Night Vision Driving Sun Glasses Male gafas de sol,//aliexpress.ru/item/1005001617287449.html?gps-id=5547572&scm=1007.19201.130907.0&scm_id=1007.19201.130907.0&scm-url=1007.19201.130907.0&pvid=558af11e-844c-4410-a606-3ded67da8e45,234,US $9.07,US $9.07;
LED Strip Light USB 2835SMD DC5V Flexible LED Lamp Tape Ribbon RGB 0.5M 1M 2M 3M 4M 5M TV Desktop Screen BackLight Diode Tape,//aliexpress.ru/item/32990130701.html?gps-id=5547572&scm=1007.19201.130907.0&scm_id=1007.19201.130907.0&scm-url=1007.19201.130907.0&pvid=558af11e-844c-4410-a606-3ded67da8e45,90985,US $1.88,US $6.43;
ATHENAIE Genuine Murano Glass 925 Silver Core Five-Petaled Flowers Charms Beads Fit Pandora Bracelets and Necklaces Color Purple,//aliexpress.ru/item/32768057952.html?gps-id=5547572&scm=1007.19201.130907.0&scm_id=1007.19201.130907.0&scm-url=1007.19201.130907.0&pvid=558af11e-844c-4410-a606-3ded67da8e45,251,US $9.36,US $9.36;
PAGAN